participant_id,flow,from_step,to_step,duration_ms
P0,explorar-salvar,inicio-feed,inicio-feed,18045.60000000149
P0,explorar-salvar,inicio-feed,inicio-feed,0.3999999985098839
P0,explorar-salvar,inicio-feed,inicio-feed,26331.199999999255
P0,explorar-salvar,inicio-feed,inicio-feed,0.5
P0,explorar-salvar,inicio-feed,salvar-dica,2720.0
P0,explorar-salvar,salvar-dica,inicio-salvos,1995.800000000745
P0,explorar-salvar,inicio-salvos,inicio-salvos,0.5
P0,criar-perfil,inicio-fluxo,inicio-fluxo,1.0
P0,criar-perfil,inicio-fluxo,preenchimento-nome,2481.099999997765
P0,criar-perfil,preenchimento-nome,preenchimento-nome,253.30000000074506
P0,criar-perfil,preenchimento-nome,preenchimento-nome,251.40000000223517
P0,criar-perfil,preenchimento-nome,preenchimento-nome,78.19999999925494
P0,criar-perfil,preenchimento-nome,preenchimento-nome,212.80000000074506
P0,criar-perfil,preenchimento-nome,preenchimento-nome,416.69999999925494
P0,criar-perfil,preenchimento-nome,preenchimento-nome,505.19999999925494
P0,criar-perfil,preenchimento-nome,preenchimento-nome,32.19999999925494
P0,criar-perfil,preenchimento-nome,preenchimento-nome,33.900000002235174
P0,criar-perfil,preenchimento-nome,preenchimento-nome,31.099999997764826
P0,criar-perfil,preenchimento-nome,preenchimento-nome,847.5
P0,criar-perfil,preenchimento-nome,preenchimento-nome,807.3000000007451
P0,criar-perfil,preenchimento-nome,preenchimento-nome,273.0
P0,criar-perfil,preenchimento-nome,preenchimento-nome,90.69999999925494
P0,criar-perfil,preenchimento-nome,preenchimento-bio,1547.300000000745
P0,criar-perfil,preenchimento-bio,preenchimento-bio,698.0
P0,criar-perfil,preenchimento-bio,preenchimento-bio,248.39999999850988
P0,criar-perfil,preenchimento-bio,preenchimento-bio,102.40000000223517
P0,criar-perfil,preenchimento-bio,preenchimento-bio,807.1999999992549
P0,criar-perfil,preenchimento-bio,preenchimento-bio,272.1000000014901
P0,criar-perfil,preenchimento-bio,preenchimento-bio,292.19999999925494
P0,criar-perfil,preenchimento-bio,preenchimento-bio,183.5
P0,criar-perfil,preenchimento-bio,preenchimento-bio,152.89999999850988
P0,criar-perfil,preenchimento-bio,preenchimento-bio,198.69999999925494
P0,criar-perfil,preenchimento-bio,preenchimento-bio,35.20000000298023
P0,criar-perfil,preenchimento-bio,preenchimento-bio,451.0
P0,criar-perfil,preenchimento-bio,preenchimento-bio,187.0
P0,criar-perfil,preenchimento-bio,preenchimento-bio,49.099999997764826
P0,criar-perfil,preenchimento-bio,preenchimento-bio,111.69999999925494
P0,criar-perfil,preenchimento-bio,preenchimento-bio,97.90000000223517
P0,criar-perfil,preenchimento-bio,preenchimento-bio,199.39999999850988
P0,criar-perfil,preenchimento-bio,preenchimento-bio,65.30000000074506
P0,criar-perfil,preenchimento-bio,preenchimento-bio,479.80000000074506
P0,criar-perfil,preenchimento-bio,preenchimento-bio,120.0
P0,criar-perfil,preenchimento-bio,preenchimento-bio,127.19999999925494
P0,criar-perfil,preenchimento-bio,preenchimento-ferramentas,1777.5
P0,criar-perfil,preenchimento-ferramentas,clique-submit,1523.800000000745
P0,criar-perfil,clique-submit,confirmacao-salvo,0.09999999776482582
P0,postar-dica,inicio-fluxo,inicio-fluxo,1.0
P0,postar-dica,inicio-fluxo,preenchimento-titulo,2272.099999997765
P0,postar-dica,preenchimento-titulo,preenchimento-titulo,282.0
P0,postar-dica,preenchimento-titulo,preenchimento-titulo,209.5
P0,postar-dica,preenchimento-titulo,preenchimento-titulo,266.0
P0,postar-dica,preenchimento-titulo,preenchimento-titulo,223.0
P0,postar-dica,preenchimento-titulo,preenchimento-titulo,151.90000000223517
P0,postar-dica,preenchimento-titulo,preenchimento-titulo,1370.199999999255
P0,postar-dica,preenchimento-titulo,preenchimento-titulo,212.69999999925494
P0,postar-dica,preenchimento-titulo,preenchimento-titulo,87.30000000074506
P0,postar-dica,preenchimento-titulo,preenchimento-titulo,912.5999999977648
P0,postar-dica,preenchimento-titulo,preenchimento-titulo,158.80000000074506
P0,postar-dica,preenchimento-titulo,preenchimento-conteudo,4535.0
P0,postar-dica,preenchimento-conteudo,preenchimento-conteudo,237.40000000223517
P0,postar-dica,preenchimento-conteudo,preenchimento-conteudo,175.0
P0,postar-dica,preenchimento-conteudo,preenchimento-conteudo,212.69999999925494
P0,postar-dica,preenchimento-conteudo,preenchimento-conteudo,189.89999999850988
P0,postar-dica,preenchimento-conteudo,preenchimento-conteudo,100.40000000223517
P0,postar-dica,preenchimento-conteudo,preenchimento-conteudo,162.0
P0,postar-dica,preenchimento-conteudo,preenchimento-conteudo,216.89999999850988
P0,postar-dica,preenchimento-conteudo,preenchimento-conteudo,143.80000000074506
P0,postar-dica,preenchimento-conteudo,preenchimento-conteudo,216.30000000074506
P0,postar-dica,preenchimento-conteudo,preenchimento-conteudo,188.79999999701977
P0,postar-dica,preenchimento-conteudo,clique-submit,5696.400000002235
P0,postar-dica,clique-submit,clique-submit,221.09999999776483
P0,postar-dica,clique-submit,clique-submit,1422.5
P0,postar-dica,clique-submit,confirmacao-postagem,1359.6000000014901
P0,postar-dica,confirmacao-postagem,confirmacao-postagem,220.89999999850988
P0,postar-dica,confirmacao-postagem,confirmacao-postagem,1420.800000000745
P001,explorar-salvar,inicio-feed,inicio-feed,53362.5
P001,explorar-salvar,inicio-feed,inicio-feed,0.3999999985098839
P001,explorar-salvar,inicio-feed,inicio-feed,142811.80000000075
P001,explorar-salvar,inicio-feed,inicio-feed,0.5
P001,explorar-salvar,inicio-feed,inicio-salvos,14291.0
P001,explorar-salvar,inicio-salvos,inicio-salvos,0.4000000022351742
P001,explorar-salvar,inicio-salvos,inicio-feed,16516.39999999851
P001,explorar-salvar,inicio-feed,inicio-feed,0.6999999992549419
P001,explorar-salvar,inicio-feed,salvar-dica,2083.199999999255
P001,explorar-salvar,salvar-dica,inicio-salvos,1956.4000000022352
P001,explorar-salvar,inicio-salvos,inicio-salvos,0.30000000074505806
P001,explorar-salvar,inicio-salvos,inicio-salvos,16786.099999997765
P001,explorar-salvar,inicio-salvos,inicio-salvos,0.30000000074505806
P001,criar-perfil,inicio-fluxo,inicio-fluxo,0.9000000022351742
P001,criar-perfil,inicio-fluxo,preenchimento-nome,2367.800000000745
P001,criar-perfil,preenchimento-nome,preenchimento-nome,342.79999999701977
P001,criar-perfil,preenchimento-nome,preenchimento-nome,240.5
P001,criar-perfil,preenchimento-nome,preenchimento-nome,120.0
P001,criar-perfil,preenchimento-nome,preenchimento-nome,191.20000000298023
P001,criar-perfil,preenchimento-nome,preenchimento-nome,119.69999999925494
P001,criar-perfil,preenchimento-nome,preenchimento-nome,45.69999999925494
P001,criar-perfil,preenchimento-nome,preenchimento-bio,2115.199999999255
P001,criar-perfil,preenchimento-bio,preenchimento-bio,383.4000000022352
P001,criar-perfil,preenchimento-bio,preenchimento-bio,208.5
P001,criar-perfil,preenchimento-bio,preenchimento-bio,227.89999999850988
P001,criar-perfil,preenchimento-bio,preenchimento-bio,90.5
P001,criar-perfil,preenchimento-bio,preenchimento-bio,256.0
P001,criar-perfil,preenchimento-bio,preenchimento-bio,216.30000000074506
P001,criar-perfil,preenchimento-bio,preenchimento-bio,794.3999999985099
P001,criar-perfil,preenchimento-bio,preenchimento-bio,199.60000000149012
P001,criar-perfil,preenchimento-bio,preenchimento-bio,293.0999999977648
P001,criar-perfil,preenchimento-bio,preenchimento-bio,136.0
P001,criar-perfil,preenchimento-bio,preenchimento-bio,139.10000000149012
P001,criar-perfil,preenchimento-bio,preenchimento-bio,262.3999999985099
P001,criar-perfil,preenchimento-bio,preenchimento-bio,152.60000000149012
P001,criar-perfil,preenchimento-bio,preenchimento-bio,161.69999999925494
P001,criar-perfil,preenchimento-bio,preenchimento-bio,481.69999999925494
P001,criar-perfil,preenchimento-bio,preenchimento-bio,447.0
P001,criar-perfil,preenchimento-bio,preenchimento-bio,207.60000000149012
P001,criar-perfil,preenchimento-bio,preenchimento-bio,122.39999999850988
P001,criar-perfil,preenchimento-bio,preenchimento-bio,114.80000000074506
P001,criar-perfil,preenchimento-bio,preenchimento-bio,404.30000000074506
P001,criar-perfil,preenchimento-bio,preenchimento-bio,364.5
P001,criar-perfil,preenchimento-bio,preenchimento-bio,279.19999999925494
P001,criar-perfil,preenchimento-bio,preenchimento-bio,175.5
P001,criar-perfil,preenchimento-bio,preenchimento-bio,702.1999999992549
P001,criar-perfil,preenchimento-bio,preenchimento-bio,297.80000000074506
P001,criar-perfil,preenchimento-bio,preenchimento-bio,94.30000000074506
P001,criar-perfil,preenchimento-bio,preenchimento-bio,241.5
P001,criar-perfil,preenchimento-bio,preenchimento-bio,80.89999999850988
P001,criar-perfil,preenchimento-bio,preenchimento-bio,286.9000000022352
P001,criar-perfil,preenchimento-bio,preenchimento-bio,387.80000000074506
P001,criar-perfil,preenchimento-bio,preenchimento-bio,262.0999999977648
P001,criar-perfil,preenchimento-bio,preenchimento-bio,78.10000000149012
P001,criar-perfil,preenchimento-bio,preenchimento-bio,165.09999999776483
P001,criar-perfil,preenchimento-bio,preenchimento-bio,105.70000000298023
P001,criar-perfil,preenchimento-bio,preenchimento-bio,213.09999999776483
P001,criar-perfil,preenchimento-bio,preenchimento-bio,127.10000000149012
P001,criar-perfil,preenchimento-bio,preenchimento-bio,536.0999999977648
P001,criar-perfil,preenchimento-bio,preenchimento-bio,238.90000000223517
P001,criar-perfil,preenchimento-bio,preenchimento-bio,178.69999999925494
P001,criar-perfil,preenchimento-bio,preenchimento-bio,177.80000000074506
P001,criar-perfil,preenchimento-bio,preenchimento-bio,120.09999999776483
P001,criar-perfil,preenchimento-bio,preenchimento-bio,427.6000000014901
P001,criar-perfil,preenchimento-bio,preenchimento-bio,129.69999999925494
P001,criar-perfil,preenchimento-bio,preenchimento-bio,1801.9000000022352
P001,criar-perfil,preenchimento-bio,preenchimento-bio,229.19999999925494
P001,criar-perfil,preenchimento-bio,preenchimento-bio,152.09999999776483
P001,criar-perfil,preenchimento-bio,preenchimento-bio,272.30000000074506
P001,criar-perfil,preenchimento-bio,preenchimento-bio,647.4000000022352
P001,criar-perfil,preenchimento-bio,preenchimento-bio,2608.7999999970198
P001,criar-perfil,preenchimento-bio,preenchimento-bio,433.4000000022352
P001,criar-perfil,preenchimento-bio,preenchimento-bio,107.30000000074506
P001,criar-perfil,preenchimento-bio,preenchimento-bio,246.09999999776483
P001,criar-perfil,preenchimento-bio,preenchimento-bio,138.19999999925494
P001,criar-perfil,preenchimento-bio,preenchimento-bio,171.20000000298023
P001,criar-perfil,preenchimento-bio,preenchimento-bio,60.69999999925494
P001,criar-perfil,preenchimento-bio,preenchimento-bio,190.69999999925494
P001,criar-perfil,preenchimento-bio,preenchimento-bio,434.0
P001,criar-perfil,preenchimento-bio,preenchimento-bio,186.69999999925494
P001,criar-perfil,preenchimento-bio,preenchimento-bio,341.9000000022352
P001,criar-perfil,preenchimento-bio,preenchimento-bio,222.89999999850988
P001,criar-perfil,preenchimento-bio,preenchimento-bio,197.19999999925494
P001,criar-perfil,preenchimento-bio,preenchimento-bio,379.30000000074506
P001,criar-perfil,preenchimento-bio,preenchimento-bio,196.80000000074506
P001,criar-perfil,preenchimento-bio,preenchimento-bio,206.19999999925494
P001,criar-perfil,preenchimento-bio,preenchimento-bio,90.69999999925494
P001,criar-perfil,preenchimento-bio,preenchimento-bio,314.30000000074506
P001,criar-perfil,preenchimento-bio,preenchimento-bio,227.30000000074506
P001,criar-perfil,preenchimento-bio,preenchimento-bio,100.89999999850988
P001,criar-perfil,preenchimento-bio,preenchimento-bio,130.69999999925494
P001,criar-perfil,preenchimento-bio,preenchimento-bio,120.20000000298023
P001,criar-perfil,preenchimento-bio,preenchimento-bio,250.5
P001,criar-perfil,preenchimento-bio,preenchimento-bio,126.19999999925494
P001,criar-perfil,preenchimento-bio,preenchimento-bio,248.09999999776483
P001,criar-perfil,preenchimento-bio,preenchimento-bio,270.6000000014901
P001,criar-perfil,preenchimento-bio,preenchimento-bio,156.5
P001,criar-perfil,preenchimento-bio,preenchimento-bio,479.6000000014901
P001,criar-perfil,preenchimento-bio,preenchimento-bio,740.5
P001,criar-perfil,preenchimento-bio,preenchimento-bio,378.0
P001,criar-perfil,preenchimento-bio,preenchimento-bio,572.3999999985099
P001,criar-perfil,preenchimento-bio,preenchimento-bio,152.19999999925494
P001,criar-perfil,preenchimento-bio,preenchimento-bio,1891.0
P001,criar-perfil,preenchimento-bio,preenchimento-bio,981.0
P001,criar-perfil,preenchimento-bio,preenchimento-bio,288.69999999925494
P001,criar-perfil,preenchimento-bio,preenchimento-bio,104.10000000149012
P001,criar-perfil,preenchimento-bio,preenchimento-bio,239.60000000149012
P001,criar-perfil,preenchimento-bio,preenchimento-bio,192.39999999850988
P001,criar-perfil,preenchimento-bio,preenchimento-bio,117.5
P001,criar-perfil,preenchimento-bio,preenchimento-bio,173.0
P001,criar-perfil,preenchimento-bio,preenchimento-bio,231.80000000074506
P001,criar-perfil,preenchimento-bio,preenchimento-bio,195.89999999850988
P001,criar-perfil,preenchimento-bio,preenchimento-area,2275.10000000149
P001,criar-perfil,preenchimento-area,preenchimento-ferramentas,3492.099999997765
P001,criar-perfil,preenchimento-ferramentas,preenchimento-ferramentas,959.5
P001,criar-perfil,preenchimento-ferramentas,preenchimento-ferramentas,1303.1000000014901
P001,criar-perfil,preenchimento-ferramentas,preenchimento-ferramentas,1721.8999999985099
P001,criar-perfil,preenchimento-ferramentas,preenchimento-ferramentas,2219.5
P001,criar-perfil,preenchimento-ferramentas,clique-submit,1514.1000000014901
P001,criar-perfil,clique-submit,confirmacao-salvo,0.19999999925494194
P001,criar-perfil,confirmacao-salvo,clique-submit,3277.10000000149
P001,criar-perfil,clique-submit,confirmacao-salvo,0.09999999776482582
P001,criar-perfil,confirmacao-salvo,clique-submit,1320.800000000745
P001,criar-perfil,clique-submit,confirmacao-salvo,0.19999999925494194
P001,criar-perfil,confirmacao-salvo,clique-submit,199.60000000149012
P001,criar-perfil,clique-submit,confirmacao-salvo,0.10000000149011612
P001,postar-dica,inicio-fluxo,inicio-fluxo,1.2999999970197678
P001,postar-dica,inicio-fluxo,preenchimento-titulo,2761.0
P001,postar-dica,preenchimento-titulo,preenchimento-titulo,723.9000000022352
P001,postar-dica,preenchimento-titulo,preenchimento-titulo,427.8999999985099
P001,postar-dica,preenchimento-titulo,preenchimento-titulo,245.10000000149012
P001,postar-dica,preenchimento-titulo,preenchimento-titulo,835.5
P001,postar-dica,preenchimento-titulo,preenchimento-titulo,375.69999999925494
P001,postar-dica,preenchimento-titulo,preenchimento-titulo,235.80000000074506
P001,postar-dica,preenchimento-titulo,preenchimento-titulo,156.80000000074506
P001,postar-dica,preenchimento-titulo,preenchimento-titulo,205.19999999925494
P001,postar-dica,preenchimento-titulo,preenchimento-titulo,1040.5999999977648
P001,postar-dica,preenchimento-titulo,preenchimento-titulo,338.70000000298023
P001,postar-dica,preenchimento-titulo,preenchimento-titulo,555.1999999992549
P001,postar-dica,preenchimento-titulo,preenchimento-titulo,201.09999999776483
P001,postar-dica,preenchimento-titulo,preenchimento-titulo,435.0
P001,postar-dica,preenchimento-titulo,preenchimento-titulo,130.0
P001,postar-dica,preenchimento-titulo,preenchimento-titulo,119.70000000298023
P001,postar-dica,preenchimento-titulo,preenchimento-titulo,264.0
P001,postar-dica,preenchimento-titulo,preenchimento-titulo,188.39999999850988
P001,postar-dica,preenchimento-titulo,preenchimento-titulo,45.19999999925494
P001,postar-dica,preenchimento-titulo,preenchimento-titulo,272.4000000022352
P001,postar-dica,preenchimento-titulo,preenchimento-titulo,212.29999999701977
P001,postar-dica,preenchimento-titulo,preenchimento-titulo,93.70000000298023
P001,postar-dica,preenchimento-titulo,preenchimento-titulo,182.5
P001,postar-dica,preenchimento-titulo,preenchimento-titulo,186.89999999850988
P001,postar-dica,preenchimento-titulo,preenchimento-titulo,192.10000000149012
P001,postar-dica,preenchimento-titulo,preenchimento-titulo,64.79999999701977
P001,postar-dica,preenchimento-titulo,preenchimento-titulo,170.60000000149012
P001,postar-dica,preenchimento-titulo,preenchimento-titulo,87.89999999850988
P001,postar-dica,preenchimento-titulo,preenchimento-titulo,165.60000000149012
P001,postar-dica,preenchimento-titulo,preenchimento-titulo,224.30000000074506
P001,postar-dica,preenchimento-titulo,preenchimento-titulo,138.69999999925494
P001,postar-dica,preenchimento-titulo,preenchimento-titulo,71.80000000074506
P001,postar-dica,preenchimento-titulo,preenchimento-titulo,202.09999999776483
P001,postar-dica,preenchimento-titulo,preenchimento-titulo,89.40000000223517
P001,postar-dica,preenchimento-titulo,preenchimento-titulo,172.69999999925494
P001,postar-dica,preenchimento-titulo,preenchimento-titulo,87.60000000149012
P001,postar-dica,preenchimento-titulo,preenchimento-titulo,150.19999999925494
P001,postar-dica,preenchimento-titulo,preenchimento-titulo,159.0
P001,postar-dica,preenchimento-titulo,preenchimento-titulo,211.30000000074506
P001,postar-dica,preenchimento-titulo,preenchimento-titulo,163.0
P001,postar-dica,preenchimento-titulo,preenchimento-titulo,94.09999999776483
P001,postar-dica,preenchimento-titulo,preenchimento-titulo,175.90000000223517
P001,postar-dica,preenchimento-titulo,preenchimento-titulo,80.89999999850988
P001,postar-dica,preenchimento-titulo,preenchimento-titulo,243.69999999925494
P001,postar-dica,preenchimento-titulo,preenchimento-titulo,9.699999999254942
P001,postar-dica,preenchimento-titulo,preenchimento-titulo,720.0
P001,postar-dica,preenchimento-titulo,preenchimento-titulo,185.20000000298023
P001,postar-dica,preenchimento-titulo,preenchimento-titulo,289.5999999977648
P001,postar-dica,preenchimento-titulo,preenchimento-titulo,87.19999999925494
P001,postar-dica,preenchimento-titulo,preenchimento-titulo,239.80000000074506
P001,postar-dica,preenchimento-titulo,preenchimento-titulo,201.0
P001,postar-dica,preenchimento-titulo,preenchimento-titulo,88.19999999925494
P001,postar-dica,preenchimento-titulo,preenchimento-titulo,181.60000000149012
P001,postar-dica,preenchimento-titulo,preenchimento-titulo,84.10000000149012
P001,postar-dica,preenchimento-titulo,preenchimento-titulo,143.0
P001,postar-dica,preenchimento-titulo,preenchimento-titulo,244.29999999701977
P001,postar-dica,preenchimento-titulo,preenchimento-titulo,630.5
P001,postar-dica,preenchimento-titulo,preenchimento-titulo,959.8000000007451
P001,postar-dica,preenchimento-titulo,preenchimento-titulo,383.0
P001,postar-dica,preenchimento-titulo,preenchimento-titulo,733.6999999992549
P001,postar-dica,preenchimento-titulo,preenchimento-titulo,289.30000000074506
P001,postar-dica,preenchimento-titulo,preenchimento-titulo,466.4000000022352
P001,postar-dica,preenchimento-titulo,preenchimento-titulo,137.5
P001,postar-dica,preenchimento-titulo,preenchimento-titulo,142.29999999701977
P001,postar-dica,preenchimento-titulo,preenchimento-titulo,180.20000000298023
P001,postar-dica,preenchimento-titulo,preenchimento-titulo,126.39999999850988
P001,postar-dica,preenchimento-titulo,preenchimento-titulo,152.89999999850988
P001,postar-dica,preenchimento-titulo,preenchimento-titulo,226.60000000149012
P001,postar-dica,preenchimento-titulo,preenchimento-titulo,213.0
P001,postar-dica,preenchimento-titulo,preenchimento-titulo,133.60000000149012
P001,postar-dica,preenchimento-titulo,preenchimento-titulo,222.59999999776483
P001,postar-dica,preenchimento-titulo,preenchimento-titulo,135.80000000074506
P001,postar-dica,preenchimento-titulo,preenchimento-titulo,913.6000000014901
P001,postar-dica,preenchimento-titulo,preenchimento-titulo,599.1999999992549
P001,postar-dica,preenchimento-titulo,preenchimento-titulo,226.89999999850988
P001,postar-dica,preenchimento-titulo,preenchimento-titulo,344.0
P001,postar-dica,preenchimento-titulo,preenchimento-titulo,254.30000000074506
P001,postar-dica,preenchimento-titulo,preenchimento-titulo,266.6000000014901
P001,postar-dica,preenchimento-titulo,preenchimento-titulo,917.0999999977648
P001,postar-dica,preenchimento-titulo,preenchimento-conteudo,2254.900000002235
P001,postar-dica,preenchimento-conteudo,preenchimento-conteudo,268.19999999925494
P001,postar-dica,preenchimento-conteudo,preenchimento-conteudo,214.39999999850988
P001,postar-dica,preenchimento-conteudo,preenchimento-conteudo,236.10000000149012
P001,postar-dica,preenchimento-conteudo,preenchimento-conteudo,145.39999999850988
P001,postar-dica,preenchimento-conteudo,preenchimento-conteudo,915.9000000022352
P001,postar-dica,preenchimento-conteudo,preenchimento-conteudo,275.19999999925494
P001,postar-dica,preenchimento-conteudo,preenchimento-conteudo,152.39999999850988
P001,postar-dica,preenchimento-conteudo,preenchimento-conteudo,217.0
P001,postar-dica,preenchimento-conteudo,preenchimento-conteudo,116.5
P001,postar-dica,preenchimento-conteudo,preenchimento-conteudo,216.5
P001,postar-dica,preenchimento-conteudo,preenchimento-conteudo,316.80000000074506
P001,postar-dica,preenchimento-conteudo,preenchimento-conteudo,197.10000000149012
P001,postar-dica,preenchimento-conteudo,preenchimento-conteudo,248.29999999701977
P001,postar-dica,preenchimento-conteudo,preenchimento-conteudo,206.70000000298023
P001,postar-dica,preenchimento-conteudo,preenchimento-conteudo,126.59999999776483
P001,postar-dica,preenchimento-conteudo,preenchimento-conteudo,151.30000000074506
P001,postar-dica,preenchimento-conteudo,preenchimento-conteudo,159.39999999850988
P001,postar-dica,preenchimento-conteudo,preenchimento-conteudo,249.20000000298023
P001,postar-dica,preenchimento-conteudo,preenchimento-conteudo,220.69999999925494
P001,postar-dica,preenchimento-conteudo,preenchimento-conteudo,617.1999999992549
P001,postar-dica,preenchimento-conteudo,preenchimento-conteudo,344.3999999985099
P001,postar-dica,preenchimento-conteudo,preenchimento-conteudo,2033.1000000014901
P001,postar-dica,preenchimento-conteudo,preenchimento-conteudo,198.30000000074506
P001,postar-dica,preenchimento-conteudo,preenchimento-conteudo,58.30000000074506
P001,postar-dica,preenchimento-conteudo,preenchimento-conteudo,194.39999999850988
P001,postar-dica,preenchimento-conteudo,preenchimento-conteudo,60.899999998509884
P001,postar-dica,preenchimento-conteudo,preenchimento-conteudo,147.0
P001,postar-dica,preenchimento-conteudo,preenchimento-conteudo,424.70000000298023
P001,postar-dica,preenchimento-conteudo,preenchimento-conteudo,227.19999999925494
P001,postar-dica,preenchimento-conteudo,preenchimento-conteudo,195.80000000074506
P001,postar-dica,preenchimento-conteudo,preenchimento-conteudo,192.29999999701977
P001,postar-dica,preenchimento-conteudo,preenchimento-conteudo,913.8000000007451
P001,postar-dica,preenchimento-conteudo,preenchimento-conteudo,113.5
P001,postar-dica,preenchimento-conteudo,preenchimento-conteudo,181.19999999925494
P001,postar-dica,preenchimento-conteudo,preenchimento-conteudo,94.40000000223517
P001,postar-dica,preenchimento-conteudo,preenchimento-conteudo,230.59999999776483
P001,postar-dica,preenchimento-conteudo,preenchimento-conteudo,110.40000000223517
P001,postar-dica,preenchimento-conteudo,preenchimento-conteudo,99.19999999925494
P001,postar-dica,preenchimento-conteudo,preenchimento-conteudo,177.80000000074506
P001,postar-dica,preenchimento-conteudo,preenchimento-conteudo,74.69999999925494
P001,postar-dica,preenchimento-conteudo,preenchimento-conteudo,132.10000000149012
P001,postar-dica,preenchimento-conteudo,preenchimento-conteudo,159.59999999776483
P001,postar-dica,preenchimento-conteudo,preenchimento-conteudo,205.60000000149012
P001,postar-dica,preenchimento-conteudo,preenchimento-conteudo,163.39999999850988
P001,postar-dica,preenchimento-conteudo,preenchimento-conteudo,123.0
P001,postar-dica,preenchimento-conteudo,preenchimento-conteudo,87.90000000223517
P001,postar-dica,preenchimento-conteudo,preenchimento-conteudo,149.0
P001,postar-dica,preenchimento-conteudo,preenchimento-conteudo,200.09999999776483
P001,postar-dica,preenchimento-conteudo,preenchimento-conteudo,63.80000000074506
P001,postar-dica,preenchimento-conteudo,preenchimento-conteudo,156.39999999850988
P001,postar-dica,preenchimento-conteudo,preenchimento-conteudo,131.70000000298023
P001,postar-dica,preenchimento-conteudo,preenchimento-conteudo,61.899999998509884
P001,postar-dica,preenchimento-conteudo,preenchimento-conteudo,172.10000000149012
P001,postar-dica,preenchimento-conteudo,preenchimento-conteudo,58.5
P001,postar-dica,preenchimento-conteudo,preenchimento-conteudo,148.69999999925494
P001,postar-dica,preenchimento-conteudo,preenchimento-conteudo,206.0
P001,postar-dica,preenchimento-conteudo,preenchimento-conteudo,310.0
P001,postar-dica,preenchimento-conteudo,preenchimento-conteudo,465.0
P001,postar-dica,preenchimento-conteudo,preenchimento-conteudo,74.69999999925494
P001,postar-dica,preenchimento-conteudo,preenchimento-conteudo,144.5
P001,postar-dica,preenchimento-conteudo,preenchimento-conteudo,97.5
P001,postar-dica,preenchimento-conteudo,preenchimento-conteudo,207.39999999850988
P001,postar-dica,preenchimento-conteudo,preenchimento-conteudo,208.10000000149012
P001,postar-dica,preenchimento-conteudo,preenchimento-conteudo,439.19999999925494
P001,postar-dica,preenchimento-conteudo,preenchimento-conteudo,174.10000000149012
P001,postar-dica,preenchimento-conteudo,preenchimento-conteudo,267.80000000074506
P001,postar-dica,preenchimento-conteudo,preenchimento-conteudo,74.89999999850988
P001,postar-dica,preenchimento-conteudo,preenchimento-conteudo,206.0
P001,postar-dica,preenchimento-conteudo,preenchimento-conteudo,42.100000001490116
P001,postar-dica,preenchimento-conteudo,preenchimento-conteudo,202.09999999776483
P001,postar-dica,preenchimento-conteudo,preenchimento-conteudo,304.9000000022352
P001,postar-dica,preenchimento-conteudo,preenchimento-conteudo,586.5999999977648
P001,postar-dica,preenchimento-conteudo,preenchimento-conteudo,305.30000000074506
P001,postar-dica,preenchimento-conteudo,preenchimento-conteudo,505.1000000014901
P001,postar-dica,preenchimento-conteudo,preenchimento-conteudo,32.399999998509884
P001,postar-dica,preenchimento-conteudo,preenchimento-conteudo,425.19999999925494
P001,postar-dica,preenchimento-conteudo,preenchimento-conteudo,678.8000000007451
P001,postar-dica,preenchimento-conteudo,preenchimento-conteudo,553.6000000014901
P001,postar-dica,preenchimento-conteudo,preenchimento-conteudo,238.69999999925494
P001,postar-dica,preenchimento-conteudo,preenchimento-conteudo,462.5
P001,postar-dica,preenchimento-conteudo,preenchimento-conteudo,813.8999999985099
P001,postar-dica,preenchimento-conteudo,preenchimento-conteudo,366.4000000022352
P001,postar-dica,preenchimento-conteudo,preenchimento-conteudo,192.29999999701977
P001,postar-dica,preenchimento-conteudo,preenchimento-conteudo,75.0
P001,postar-dica,preenchimento-conteudo,preenchimento-conteudo,223.80000000074506
P001,postar-dica,preenchimento-conteudo,preenchimento-conteudo,135.0
P001,postar-dica,preenchimento-conteudo,preenchimento-conteudo,207.0
P001,postar-dica,preenchimento-conteudo,preenchimento-conteudo,145.69999999925494
P001,postar-dica,preenchimento-conteudo,preenchimento-conteudo,123.30000000074506
P001,postar-dica,preenchimento-conteudo,preenchimento-conteudo,127.5
P001,postar-dica,preenchimento-conteudo,preenchimento-conteudo,116.60000000149012
P001,postar-dica,preenchimento-conteudo,preenchimento-conteudo,225.09999999776483
P001,postar-dica,preenchimento-conteudo,preenchimento-conteudo,139.60000000149012
P001,postar-dica,preenchimento-conteudo,preenchimento-conteudo,289.3999999985099
P001,postar-dica,preenchimento-conteudo,preenchimento-conteudo,240.10000000149012
P001,postar-dica,preenchimento-conteudo,preenchimento-conteudo,289.69999999925494
P001,postar-dica,preenchimento-conteudo,preenchimento-conteudo,336.30000000074506
P001,postar-dica,preenchimento-conteudo,preenchimento-conteudo,368.30000000074506
P001,postar-dica,preenchimento-conteudo,preenchimento-conteudo,175.59999999776483
P001,postar-dica,preenchimento-conteudo,preenchimento-conteudo,201.10000000149012
P001,postar-dica,preenchimento-conteudo,preenchimento-conteudo,103.80000000074506
P001,postar-dica,preenchimento-conteudo,preenchimento-conteudo,188.0
P001,postar-dica,preenchimento-conteudo,preenchimento-conteudo,119.89999999850988
P001,postar-dica,preenchimento-conteudo,preenchimento-conteudo,187.60000000149012
P001,postar-dica,preenchimento-conteudo,preenchimento-conteudo,58.399999998509884
P001,postar-dica,preenchimento-conteudo,preenchimento-conteudo,215.40000000223517
P001,postar-dica,preenchimento-conteudo,preenchimento-conteudo,97.39999999850988
P001,postar-dica,preenchimento-conteudo,preenchimento-conteudo,269.3999999985099
P001,postar-dica,preenchimento-conteudo,preenchimento-conteudo,269.5
P001,postar-dica,preenchimento-conteudo,preenchimento-conteudo,45.20000000298023
P001,postar-dica,preenchimento-conteudo,preenchimento-conteudo,240.19999999925494
P001,postar-dica,preenchimento-conteudo,preenchimento-conteudo,204.19999999925494
P001,postar-dica,preenchimento-conteudo,preenchimento-conteudo,280.0
P001,postar-dica,preenchimento-conteudo,preenchimento-conteudo,1928.8999999985099
P001,postar-dica,preenchimento-conteudo,preenchimento-conteudo,162.5
P001,postar-dica,preenchimento-conteudo,preenchimento-conteudo,171.70000000298023
P001,postar-dica,preenchimento-conteudo,preenchimento-conteudo,198.79999999701977
P001,postar-dica,preenchimento-conteudo,preenchimento-conteudo,238.0
P001,postar-dica,preenchimento-conteudo,preenchimento-conteudo,94.30000000074506
P001,postar-dica,preenchimento-conteudo,preenchimento-conteudo,174.19999999925494
P001,postar-dica,preenchimento-conteudo,preenchimento-conteudo,409.80000000074506
P001,postar-dica,preenchimento-conteudo,preenchimento-conteudo,183.90000000223517
P001,postar-dica,preenchimento-conteudo,preenchimento-conteudo,250.29999999701977
P001,postar-dica,preenchimento-conteudo,preenchimento-conteudo,142.90000000223517
P001,postar-dica,preenchimento-conteudo,preenchimento-conteudo,90.89999999850988
P001,postar-dica,preenchimento-conteudo,preenchimento-conteudo,201.80000000074506
P001,postar-dica,preenchimento-conteudo,preenchimento-conteudo,103.80000000074506
P001,postar-dica,preenchimento-conteudo,preenchimento-conteudo,169.89999999850988
P001,postar-dica,preenchimento-conteudo,preenchimento-conteudo,93.90000000223517
P001,postar-dica,preenchimento-conteudo,preenchimento-conteudo,158.79999999701977
P001,postar-dica,preenchimento-conteudo,preenchimento-conteudo,184.80000000074506
P001,postar-dica,preenchimento-conteudo,preenchimento-conteudo,207.40000000223517
P001,postar-dica,preenchimento-conteudo,preenchimento-conteudo,172.89999999850988
P001,postar-dica,preenchimento-conteudo,preenchimento-conteudo,64.80000000074506
P001,postar-dica,preenchimento-conteudo,preenchimento-conteudo,226.89999999850988
P001,postar-dica,preenchimento-conteudo,preenchimento-conteudo,512.0
P001,postar-dica,preenchimento-conteudo,preenchimento-conteudo,101.10000000149012
P001,postar-dica,preenchimento-conteudo,preenchimento-conteudo,185.39999999850988
P001,postar-dica,preenchimento-conteudo,preenchimento-conteudo,204.5
P001,postar-dica,preenchimento-conteudo,preenchimento-conteudo,82.40000000223517
P001,postar-dica,preenchimento-conteudo,preenchimento-conteudo,138.39999999850988
P001,postar-dica,preenchimento-conteudo,preenchimento-conteudo,144.0
P001,postar-dica,preenchimento-conteudo,preenchimento-conteudo,568.6000000014901
P001,postar-dica,preenchimento-conteudo,preenchimento-conteudo,113.39999999850988
P001,postar-dica,preenchimento-conteudo,preenchimento-conteudo,145.89999999850988
P001,postar-dica,preenchimento-conteudo,preenchimento-conteudo,129.30000000074506
P001,postar-dica,preenchimento-conteudo,preenchimento-conteudo,228.80000000074506
P001,postar-dica,preenchimento-conteudo,preenchimento-conteudo,241.69999999925494
P001,postar-dica,preenchimento-conteudo,preenchimento-conteudo,116.69999999925494
P001,postar-dica,preenchimento-conteudo,preenchimento-conteudo,146.20000000298023
P001,postar-dica,preenchimento-conteudo,preenchimento-conteudo,654.3999999985099
P001,postar-dica,preenchimento-conteudo,preenchimento-conteudo,293.30000000074506
P001,postar-dica,preenchimento-conteudo,preenchimento-conteudo,585.5999999977648
P001,postar-dica,preenchimento-conteudo,preenchimento-conteudo,222.70000000298023
P001,postar-dica,preenchimento-conteudo,preenchimento-conteudo,565.1999999992549
P001,postar-dica,preenchimento-conteudo,preenchimento-conteudo,200.39999999850988
P001,postar-dica,preenchimento-conteudo,preenchimento-conteudo,181.69999999925494
P001,postar-dica,preenchimento-conteudo,preenchimento-conteudo,152.90000000223517
P001,postar-dica,preenchimento-conteudo,preenchimento-conteudo,106.69999999925494
P001,postar-dica,preenchimento-conteudo,preenchimento-conteudo,201.19999999925494
P001,postar-dica,preenchimento-conteudo,preenchimento-conteudo,91.69999999925494
P001,postar-dica,preenchimento-conteudo,preenchimento-conteudo,191.70000000298023
P001,postar-dica,preenchimento-conteudo,preenchimento-conteudo,212.79999999701977
P001,postar-dica,preenchimento-conteudo,preenchimento-conteudo,107.90000000223517
P001,postar-dica,preenchimento-conteudo,preenchimento-conteudo,278.8999999985099
P001,postar-dica,preenchimento-conteudo,preenchimento-conteudo,191.69999999925494
P001,postar-dica,preenchimento-conteudo,preenchimento-conteudo,111.40000000223517
P001,postar-dica,preenchimento-conteudo,preenchimento-conteudo,139.30000000074506
P001,postar-dica,preenchimento-conteudo,preenchimento-conteudo,250.5
P001,postar-dica,preenchimento-conteudo,preenchimento-conteudo,229.89999999850988
P001,postar-dica,preenchimento-conteudo,preenchimento-conteudo,160.89999999850988
P001,postar-dica,preenchimento-conteudo,preenchimento-conteudo,93.60000000149012
P001,postar-dica,preenchimento-conteudo,preenchimento-conteudo,127.39999999850988
P001,postar-dica,preenchimento-conteudo,preenchimento-conteudo,100.90000000223517
P001,postar-dica,preenchimento-conteudo,preenchimento-conteudo,1621.800000000745
P001,postar-dica,preenchimento-conteudo,preenchimento-conteudo,915.2999999970198
P001,postar-dica,preenchimento-conteudo,preenchimento-conteudo,313.70000000298023
P001,postar-dica,preenchimento-conteudo,preenchimento-conteudo,170.29999999701977
P001,postar-dica,preenchimento-conteudo,preenchimento-conteudo,138.90000000223517
P001,postar-dica,preenchimento-conteudo,preenchimento-conteudo,175.5
P001,postar-dica,preenchimento-conteudo,preenchimento-conteudo,272.30000000074506
P001,postar-dica,preenchimento-conteudo,preenchimento-conteudo,211.59999999776483
P001,postar-dica,preenchimento-conteudo,preenchimento-conteudo,140.90000000223517
P001,postar-dica,preenchimento-conteudo,preenchimento-conteudo,464.5
P001,postar-dica,preenchimento-conteudo,preenchimento-conteudo,316.5
P001,postar-dica,preenchimento-conteudo,preenchimento-conteudo,302.5
P001,postar-dica,preenchimento-conteudo,preenchimento-conteudo,341.5999999977648
P001,postar-dica,preenchimento-conteudo,preenchimento-conteudo,101.0
P001,postar-dica,preenchimento-conteudo,preenchimento-conteudo,184.90000000223517
P001,postar-dica,preenchimento-conteudo,preenchimento-conteudo,91.39999999850988
P001,postar-dica,preenchimento-conteudo,preenchimento-conteudo,216.60000000149012
P001,postar-dica,preenchimento-conteudo,preenchimento-conteudo,215.5
P001,postar-dica,preenchimento-conteudo,preenchimento-conteudo,247.09999999776483
P001,postar-dica,preenchimento-conteudo,preenchimento-conteudo,65.40000000223517
P001,postar-dica,preenchimento-conteudo,preenchimento-conteudo,206.29999999701977
P001,postar-dica,preenchimento-conteudo,preenchimento-conteudo,75.40000000223517
P001,postar-dica,preenchimento-conteudo,preenchimento-conteudo,180.0
P001,postar-dica,preenchimento-conteudo,preenchimento-conteudo,266.0999999977648
P001,postar-dica,preenchimento-conteudo,preenchimento-conteudo,754.2000000029802
P001,postar-dica,preenchimento-conteudo,preenchimento-conteudo,175.89999999850988
P001,postar-dica,preenchimento-conteudo,preenchimento-conteudo,843.8999999985099
P001,postar-dica,preenchimento-conteudo,preenchimento-conteudo,80.70000000298023
P001,postar-dica,preenchimento-conteudo,preenchimento-conteudo,151.89999999850988
P001,postar-dica,preenchimento-conteudo,preenchimento-conteudo,94.89999999850988
P001,postar-dica,preenchimento-conteudo,preenchimento-conteudo,132.90000000223517
P001,postar-dica,preenchimento-conteudo,preenchimento-conteudo,85.0
P001,postar-dica,preenchimento-conteudo,preenchimento-conteudo,119.59999999776483
P001,postar-dica,preenchimento-conteudo,preenchimento-conteudo,197.60000000149012
P001,postar-dica,preenchimento-conteudo,preenchimento-conteudo,1412.800000000745
P001,postar-dica,preenchimento-conteudo,preenchimento-conteudo,192.69999999925494
P001,postar-dica,preenchimento-conteudo,preenchimento-conteudo,128.10000000149012
P001,postar-dica,preenchimento-conteudo,preenchimento-conteudo,1393.2999999970198
P001,postar-dica,preenchimento-conteudo,preenchimento-conteudo,180.60000000149012
P001,postar-dica,preenchimento-conteudo,preenchimento-conteudo,264.8999999985099
P001,postar-dica,preenchimento-conteudo,preenchimento-conteudo,249.5
P001,postar-dica,preenchimento-conteudo,preenchimento-conteudo,143.5
P001,postar-dica,preenchimento-conteudo,preenchimento-conteudo,443.80000000074506
P001,postar-dica,preenchimento-conteudo,preenchimento-conteudo,208.19999999925494
P001,postar-dica,preenchimento-conteudo,preenchimento-conteudo,227.30000000074506
P001,postar-dica,preenchimento-conteudo,preenchimento-conteudo,94.40000000223517
P001,postar-dica,preenchimento-conteudo,preenchimento-conteudo,418.5
P001,postar-dica,preenchimento-conteudo,preenchimento-conteudo,113.19999999925494
P001,postar-dica,preenchimento-conteudo,preenchimento-conteudo,218.19999999925494
P001,postar-dica,preenchimento-conteudo,preenchimento-conteudo,436.19999999925494
P001,postar-dica,preenchimento-conteudo,preenchimento-conteudo,168.30000000074506
P001,postar-dica,preenchimento-conteudo,preenchimento-conteudo,175.30000000074506
P001,postar-dica,preenchimento-conteudo,preenchimento-conteudo,124.0
P001,postar-dica,preenchimento-conteudo,preenchimento-conteudo,228.39999999850988
P001,postar-dica,preenchimento-conteudo,preenchimento-conteudo,380.69999999925494
P001,postar-dica,preenchimento-conteudo,preenchimento-conteudo,249.20000000298023
P001,postar-dica,preenchimento-conteudo,preenchimento-conteudo,114.19999999925494
P001,postar-dica,preenchimento-conteudo,preenchimento-conteudo,175.0
P001,postar-dica,preenchimento-conteudo,preenchimento-conteudo,97.5
P001,postar-dica,preenchimento-conteudo,preenchimento-conteudo,192.59999999776483
P001,postar-dica,preenchimento-conteudo,preenchimento-conteudo,71.60000000149012
P001,postar-dica,preenchimento-conteudo,preenchimento-conteudo,171.39999999850988
P001,postar-dica,preenchimento-conteudo,preenchimento-conteudo,221.70000000298023
P001,postar-dica,preenchimento-conteudo,preenchimento-conteudo,184.09999999776483
P001,postar-dica,preenchimento-conteudo,preenchimento-conteudo,58.19999999925494
P001,postar-dica,preenchimento-conteudo,preenchimento-conteudo,120.30000000074506
P001,postar-dica,preenchimento-conteudo,preenchimento-conteudo,149.60000000149012
P001,postar-dica,preenchimento-conteudo,preenchimento-conteudo,100.80000000074506
P001,postar-dica,preenchimento-conteudo,preenchimento-conteudo,200.89999999850988
P001,postar-dica,preenchimento-conteudo,preenchimento-conteudo,189.69999999925494
P001,postar-dica,preenchimento-conteudo,preenchimento-conteudo,123.0
P001,postar-dica,preenchimento-conteudo,preenchimento-conteudo,152.10000000149012
P001,postar-dica,preenchimento-conteudo,preenchimento-conteudo,107.0
P001,postar-dica,preenchimento-conteudo,preenchimento-conteudo,186.80000000074506
P001,postar-dica,preenchimento-conteudo,preenchimento-conteudo,90.79999999701977
P001,postar-dica,preenchimento-conteudo,preenchimento-conteudo,302.80000000074506
P001,postar-dica,preenchimento-conteudo,preenchimento-conteudo,250.80000000074506
P001,postar-dica,preenchimento-conteudo,preenchimento-conteudo,181.80000000074506
P001,postar-dica,preenchimento-conteudo,preenchimento-conteudo,192.09999999776483
P001,postar-dica,preenchimento-conteudo,preenchimento-conteudo,195.5
P001,postar-dica,preenchimento-conteudo,preenchimento-conteudo,139.60000000149012
P001,postar-dica,preenchimento-conteudo,preenchimento-conteudo,197.30000000074506
P001,postar-dica,preenchimento-conteudo,preenchimento-conteudo,342.8999999985099
P001,postar-dica,preenchimento-conteudo,preenchimento-conteudo,183.19999999925494
P001,postar-dica,preenchimento-conteudo,preenchimento-conteudo,187.90000000223517
P001,postar-dica,preenchimento-conteudo,preenchimento-conteudo,124.80000000074506
P001,postar-dica,preenchimento-conteudo,preenchimento-conteudo,173.09999999776483
P001,postar-dica,preenchimento-conteudo,preenchimento-conteudo,260.80000000074506
P001,postar-dica,preenchimento-conteudo,preenchimento-conteudo,569.3999999985099
P001,postar-dica,preenchimento-conteudo,preenchimento-conteudo,94.40000000223517
P001,postar-dica,preenchimento-conteudo,preenchimento-conteudo,270.8999999985099
P001,postar-dica,preenchimento-conteudo,preenchimento-conteudo,157.60000000149012
P001,postar-dica,preenchimento-conteudo,preenchimento-conteudo,205.69999999925494
P001,postar-dica,preenchimento-conteudo,preenchimento-conteudo,130.69999999925494
P001,postar-dica,preenchimento-conteudo,preenchimento-conteudo,3507.10000000149
P001,postar-dica,preenchimento-conteudo,preenchimento-conteudo,7.800000000745058
P001,postar-dica,preenchimento-conteudo,preenchimento-conteudo,522.2999999970198
P001,postar-dica,preenchimento-conteudo,preenchimento-conteudo,583.0
P001,postar-dica,preenchimento-conteudo,preenchimento-conteudo,625.9000000022352
P001,postar-dica,preenchimento-conteudo,preenchimento-conteudo,210.59999999776483
P001,postar-dica,preenchimento-conteudo,preenchimento-conteudo,100.20000000298023
P001,postar-dica,preenchimento-conteudo,preenchimento-conteudo,170.39999999850988
P001,postar-dica,preenchimento-conteudo,preenchimento-conteudo,335.30000000074506
P001,postar-dica,preenchimento-conteudo,preenchimento-conteudo,209.89999999850988
P001,postar-dica,preenchimento-conteudo,preenchimento-conteudo,110.40000000223517
P001,postar-dica,preenchimento-conteudo,preenchimento-conteudo,162.89999999850988
P001,postar-dica,preenchimento-conteudo,preenchimento-conteudo,191.80000000074506
P001,postar-dica,preenchimento-conteudo,preenchimento-conteudo,219.5
P001,postar-dica,preenchimento-conteudo,preenchimento-conteudo,198.59999999776483
P001,postar-dica,preenchimento-conteudo,preenchimento-conteudo,912.7000000029802
P001,postar-dica,preenchimento-conteudo,preenchimento-conteudo,256.29999999701977
P001,postar-dica,preenchimento-conteudo,preenchimento-conteudo,104.10000000149012
P001,postar-dica,preenchimento-conteudo,preenchimento-conteudo,165.89999999850988
P001,postar-dica,preenchimento-conteudo,preenchimento-conteudo,275.30000000074506
P001,postar-dica,preenchimento-conteudo,preenchimento-conteudo,322.80000000074506
P001,postar-dica,preenchimento-conteudo,preenchimento-conteudo,373.69999999925494
P001,postar-dica,preenchimento-conteudo,preenchimento-conteudo,271.9000000022352
P001,postar-dica,preenchimento-conteudo,preenchimento-conteudo,98.09999999776483
P001,postar-dica,preenchimento-conteudo,preenchimento-conteudo,145.19999999925494
P001,postar-dica,preenchimento-conteudo,preenchimento-conteudo,120.0
P001,postar-dica,preenchimento-conteudo,preenchimento-conteudo,195.60000000149012
P001,postar-dica,preenchimento-conteudo,preenchimento-conteudo,122.80000000074506
P001,postar-dica,preenchimento-conteudo,preenchimento-conteudo,166.39999999850988
P001,postar-dica,preenchimento-conteudo,preenchimento-conteudo,278.30000000074506
P001,postar-dica,preenchimento-conteudo,preenchimento-conteudo,221.80000000074506
P001,postar-dica,preenchimento-conteudo,preenchimento-conteudo,94.09999999776483
P001,postar-dica,preenchimento-conteudo,preenchimento-conteudo,298.4000000022352
P001,postar-dica,preenchimento-conteudo,preenchimento-conteudo,199.59999999776483
P001,postar-dica,preenchimento-conteudo,preenchimento-conteudo,112.70000000298023
P001,postar-dica,preenchimento-conteudo,preenchimento-conteudo,172.29999999701977
P001,postar-dica,preenchimento-conteudo,preenchimento-conteudo,81.40000000223517
P001,postar-dica,preenchimento-conteudo,preenchimento-conteudo,225.30000000074506
P001,postar-dica,preenchimento-conteudo,preenchimento-conteudo,104.0
P001,postar-dica,preenchimento-conteudo,preenchimento-conteudo,204.19999999925494
P001,postar-dica,preenchimento-conteudo,preenchimento-conteudo,851.0999999977648
P001,postar-dica,preenchimento-conteudo,preenchimento-conteudo,191.90000000223517
P001,postar-dica,preenchimento-conteudo,preenchimento-conteudo,125.69999999925494
P001,postar-dica,preenchimento-conteudo,preenchimento-conteudo,459.5
P001,postar-dica,preenchimento-conteudo,preenchimento-conteudo,1130.800000000745
P001,postar-dica,preenchimento-conteudo,preenchimento-conteudo,199.59999999776483
P001,postar-dica,preenchimento-conteudo,preenchimento-conteudo,403.70000000298023
P001,postar-dica,preenchimento-conteudo,preenchimento-conteudo,253.0
P001,postar-dica,preenchimento-conteudo,preenchimento-conteudo,145.69999999925494
P001,postar-dica,preenchimento-conteudo,preenchimento-conteudo,81.19999999925494
P001,postar-dica,preenchimento-conteudo,preenchimento-conteudo,181.89999999850988
P001,postar-dica,preenchimento-conteudo,preenchimento-conteudo,230.20000000298023
P001,postar-dica,preenchimento-conteudo,preenchimento-conteudo,182.89999999850988
P001,postar-dica,preenchimento-conteudo,preenchimento-conteudo,170.89999999850988
P001,postar-dica,preenchimento-conteudo,preenchimento-conteudo,164.5
P001,postar-dica,preenchimento-conteudo,preenchimento-conteudo,227.20000000298023
P001,postar-dica,preenchimento-conteudo,preenchimento-conteudo,186.0
P001,postar-dica,preenchimento-conteudo,preenchimento-conteudo,533.1999999992549
P001,postar-dica,preenchimento-conteudo,clique-submit,8538.699999999255
P001,postar-dica,clique-submit,clique-submit,382.30000000074506
P001,postar-dica,clique-submit,clique-submit,1902.699999999255
P001,postar-dica,clique-submit,clique-submit,2575.199999999255
P001,postar-dica,clique-submit,clique-submit,164.90000000223517
P001,postar-dica,clique-submit,clique-submit,730.5999999977648
P001,postar-dica,clique-submit,confirmacao-postagem,258.6000000014901
P001,postar-dica,confirmacao-postagem,confirmacao-postagem,375.0999999977648
P001,postar-dica,confirmacao-postagem,confirmacao-postagem,1896.2000000029802
P001,postar-dica,confirmacao-postagem,confirmacao-postagem,2585.699999999255
P001,postar-dica,confirmacao-postagem,confirmacao-postagem,156.09999999776483
P001,postar-dica,confirmacao-postagem,confirmacao-postagem,738.0
P001,comentar-reagir,inicio-fluxo,inicio-fluxo,0.4000000022351742
P001,comentar-reagir,inicio-fluxo,inicio-fluxo,20095.099999997765
P001,comentar-reagir,inicio-fluxo,inicio-fluxo,0.5
P001,comentar-reagir,inicio-fluxo,reacao-🤯,3814.800000000745
P02,criar-perfil,inicio-fluxo,inicio-fluxo,0.6999999992549419
P02,criar-perfil,inicio-fluxo,preenchimento-nome,2977.5
P02,criar-perfil,preenchimento-nome,preenchimento-nome,342.5
P02,criar-perfil,preenchimento-nome,preenchimento-nome,316.3999999985099
P02,criar-perfil,preenchimento-nome,preenchimento-nome,126.40000000223517
P02,criar-perfil,preenchimento-nome,preenchimento-bio,2122.800000000745
P02,criar-perfil,preenchimento-bio,preenchimento-bio,126.89999999850988
P02,criar-perfil,preenchimento-bio,preenchimento-bio,166.39999999850988
P02,criar-perfil,preenchimento-bio,preenchimento-bio,104.10000000149012
P02,criar-perfil,preenchimento-bio,preenchimento-bio,149.10000000149012
P02,criar-perfil,preenchimento-bio,preenchimento-bio,261.69999999925494
P02,criar-perfil,preenchimento-bio,preenchimento-bio,112.89999999850988
P02,criar-perfil,preenchimento-bio,preenchimento-bio,558.6000000014901
P02,criar-perfil,preenchimento-bio,preenchimento-bio,234.30000000074506
P02,criar-perfil,preenchimento-bio,preenchimento-bio,267.69999999925494
P02,criar-perfil,preenchimento-bio,preenchimento-bio,155.0
P02,criar-perfil,preenchimento-bio,preenchimento-bio,118.69999999925494
P02,criar-perfil,preenchimento-bio,preenchimento-bio,391.3999999985099
P02,criar-perfil,preenchimento-bio,preenchimento-bio,136.60000000149012
P02,criar-perfil,preenchimento-bio,preenchimento-bio,71.39999999850988
P02,criar-perfil,preenchimento-bio,preenchimento-bio,208.5
P02,criar-perfil,preenchimento-bio,preenchimento-bio,85.10000000149012
P02,criar-perfil,preenchimento-bio,preenchimento-bio,282.6000000014901
P02,criar-perfil,preenchimento-bio,preenchimento-bio,123.39999999850988
P02,criar-perfil,preenchimento-bio,preenchimento-bio,145.39999999850988
P02,criar-perfil,preenchimento-bio,preenchimento-bio,813.9000000022352
P02,criar-perfil,preenchimento-bio,preenchimento-bio,606.3000000007451
P02,criar-perfil,preenchimento-bio,preenchimento-bio,165.39999999850988
P02,criar-perfil,preenchimento-bio,preenchimento-bio,168.39999999850988
P02,criar-perfil,preenchimento-bio,preenchimento-bio,365.9000000022352
P02,criar-perfil,preenchimento-bio,preenchimento-bio,273.19999999925494
P02,criar-perfil,preenchimento-bio,preenchimento-bio,120.0
P02,criar-perfil,preenchimento-bio,preenchimento-bio,201.5
P02,criar-perfil,preenchimento-bio,preenchimento-bio,117.30000000074506
P02,criar-perfil,preenchimento-bio,preenchimento-bio,217.39999999850988
P02,criar-perfil,preenchimento-bio,preenchimento-bio,103.80000000074506
P02,criar-perfil,preenchimento-bio,preenchimento-bio,149.30000000074506
P02,criar-perfil,preenchimento-bio,preenchimento-bio,78.09999999776483
P02,criar-perfil,preenchimento-bio,preenchimento-bio,207.10000000149012
P02,criar-perfil,preenchimento-bio,preenchimento-bio,96.80000000074506
P02,criar-perfil,preenchimento-bio,preenchimento-bio,169.89999999850988
P02,criar-perfil,preenchimento-bio,preenchimento-bio,100.90000000223517
P02,criar-perfil,preenchimento-bio,preenchimento-bio,184.5
P02,criar-perfil,preenchimento-bio,preenchimento-bio,205.39999999850988
P02,criar-perfil,preenchimento-bio,preenchimento-bio,512.3999999985099
P02,criar-perfil,preenchimento-bio,preenchimento-bio,280.20000000298023
P02,criar-perfil,preenchimento-bio,preenchimento-bio,302.79999999701977
P02,criar-perfil,preenchimento-bio,preenchimento-bio,162.90000000223517
P02,criar-perfil,preenchimento-bio,preenchimento-bio,87.30000000074506
P02,criar-perfil,preenchimento-bio,preenchimento-bio,169.29999999701977
P02,criar-perfil,preenchimento-bio,preenchimento-bio,532.8000000007451
P02,criar-perfil,preenchimento-bio,preenchimento-bio,100.69999999925494
P02,criar-perfil,preenchimento-bio,preenchimento-bio,115.5
P02,criar-perfil,preenchimento-bio,preenchimento-bio,804.5
P02,criar-perfil,preenchimento-bio,preenchimento-bio,235.0
P02,criar-perfil,preenchimento-bio,preenchimento-bio,233.10000000149012
P02,criar-perfil,preenchimento-bio,preenchimento-bio,287.0
P02,criar-perfil,preenchimento-bio,preenchimento-bio,136.19999999925494
P02,criar-perfil,preenchimento-bio,preenchimento-bio,153.90000000223517
P02,criar-perfil,preenchimento-bio,preenchimento-bio,87.39999999850988
P02,criar-perfil,preenchimento-bio,preenchimento-bio,206.80000000074506
P02,criar-perfil,preenchimento-bio,preenchimento-bio,44.80000000074506
P02,criar-perfil,preenchimento-bio,preenchimento-bio,249.5
P02,criar-perfil,preenchimento-bio,preenchimento-bio,225.19999999925494
P02,criar-perfil,preenchimento-bio,preenchimento-bio,83.59999999776483
P02,criar-perfil,preenchimento-bio,preenchimento-bio,200.20000000298023
P02,criar-perfil,preenchimento-bio,preenchimento-bio,231.5
P02,criar-perfil,preenchimento-bio,preenchimento-bio,136.29999999701977
P02,criar-perfil,preenchimento-bio,preenchimento-bio,225.90000000223517
P02,criar-perfil,preenchimento-bio,preenchimento-bio,264.0999999977648
P02,criar-perfil,preenchimento-bio,preenchimento-bio,157.80000000074506
P02,criar-perfil,preenchimento-bio,preenchimento-bio,312.30000000074506
P02,criar-perfil,preenchimento-bio,preenchimento-bio,100.19999999925494
P02,criar-perfil,preenchimento-bio,preenchimento-bio,91.19999999925494
P02,criar-perfil,preenchimento-bio,preenchimento-bio,155.0
P02,criar-perfil,preenchimento-bio,preenchimento-bio,240.80000000074506
P02,criar-perfil,preenchimento-bio,preenchimento-bio,48.600000001490116
P02,criar-perfil,preenchimento-bio,preenchimento-bio,180.39999999850988
P02,criar-perfil,preenchimento-bio,preenchimento-bio,68.60000000149012
P02,criar-perfil,preenchimento-bio,preenchimento-bio,151.0
P02,criar-perfil,preenchimento-bio,preenchimento-bio,141.89999999850988
P02,criar-perfil,preenchimento-bio,preenchimento-bio,64.90000000223517
P02,criar-perfil,preenchimento-bio,preenchimento-bio,134.0
P02,criar-perfil,preenchimento-bio,preenchimento-bio,199.0
P02,criar-perfil,preenchimento-bio,preenchimento-bio,196.0
P02,criar-perfil,preenchimento-bio,preenchimento-bio,225.0
P02,criar-perfil,preenchimento-bio,preenchimento-bio,175.69999999925494
P02,criar-perfil,preenchimento-bio,preenchimento-bio,189.5
P02,criar-perfil,preenchimento-bio,preenchimento-area,4851.300000000745
P02,criar-perfil,preenchimento-area,preenchimento-ferramentas,2078.599999997765
P02,criar-perfil,preenchimento-ferramentas,preenchimento-ferramentas,2565.400000002235
P02,criar-perfil,preenchimento-ferramentas,preenchimento-ferramentas,1347.0999999977648
P02,criar-perfil,preenchimento-ferramentas,preenchimento-ferramentas,2207.199999999255
P02,criar-perfil,preenchimento-ferramentas,clique-submit,1734.5
P02,criar-perfil,clique-submit,confirmacao-salvo,0.20000000298023224
P02,criar-perfil,confirmacao-salvo,clique-submit,3628.5
P02,criar-perfil,clique-submit,confirmacao-salvo,0.09999999776482582
P02,criar-perfil,confirmacao-salvo,clique-submit,480.9000000022352
P02,criar-perfil,clique-submit,confirmacao-salvo,0.0
P02,criar-perfil,confirmacao-salvo,clique-submit,8550.29999999702
P02,criar-perfil,clique-submit,confirmacao-salvo,0.10000000149011612
P02,criar-perfil,confirmacao-salvo,clique-submit,219.69999999925494
P02,criar-perfil,clique-submit,confirmacao-salvo,0.10000000149011612
P02,criar-perfil,confirmacao-salvo,clique-submit,1087.0
P02,criar-perfil,clique-submit,confirmacao-salvo,0.19999999925494194
P02,criar-perfil,confirmacao-salvo,clique-submit,172.80000000074506
P02,criar-perfil,clique-submit,confirmacao-salvo,0.09999999776482582
P02,criar-perfil,confirmacao-salvo,clique-submit,185.10000000149012
P02,criar-perfil,clique-submit,confirmacao-salvo,0.0
P02,criar-perfil,confirmacao-salvo,clique-submit,218.5
P02,criar-perfil,clique-submit,confirmacao-salvo,0.0
P02,criar-perfil,confirmacao-salvo,clique-submit,16202.89999999851
P02,criar-perfil,clique-submit,confirmacao-salvo,0.10000000149011612
P02,criar-perfil,confirmacao-salvo,clique-submit,3159.699999999255
P02,criar-perfil,clique-submit,confirmacao-salvo,0.10000000149011612
P02,criar-perfil,confirmacao-salvo,clique-submit,487.80000000074506
P02,criar-perfil,clique-submit,confirmacao-salvo,0.19999999925494194
P02,criar-perfil,confirmacao-salvo,clique-submit,289.80000000074506
P02,criar-perfil,clique-submit,confirmacao-salvo,0.09999999776482582
P02,criar-perfil,confirmacao-salvo,clique-submit,207.80000000074506
P02,criar-perfil,clique-submit,confirmacao-salvo,0.0
P02,criar-perfil,confirmacao-salvo,clique-submit,226.19999999925494
P02,criar-perfil,clique-submit,confirmacao-salvo,0.10000000149011612
P02,criar-perfil,confirmacao-salvo,clique-submit,192.59999999776483
P02,criar-perfil,clique-submit,confirmacao-salvo,0.10000000149011612
P02,criar-perfil,confirmacao-salvo,clique-submit,178.60000000149012
P02,criar-perfil,clique-submit,confirmacao-salvo,0.19999999925494194
P02,criar-perfil,confirmacao-salvo,clique-submit,193.0
P02,criar-perfil,clique-submit,confirmacao-salvo,0.09999999776482582
P02,criar-perfil,confirmacao-salvo,clique-submit,185.5
P02,criar-perfil,clique-submit,confirmacao-salvo,0.10000000149011612
P02,criar-perfil,confirmacao-salvo,clique-submit,185.5
P02,criar-perfil,clique-submit,confirmacao-salvo,0.10000000149011612
P02,criar-perfil,confirmacao-salvo,clique-submit,165.89999999850988
P02,criar-perfil,clique-submit,confirmacao-salvo,0.10000000149011612
P02,criar-perfil,confirmacao-salvo,clique-submit,180.19999999925494
P02,criar-perfil,clique-submit,confirmacao-salvo,0.09999999776482582
P02,criar-perfil,confirmacao-salvo,clique-submit,177.10000000149012
P02,criar-perfil,clique-submit,confirmacao-salvo,0.0
P02,criar-perfil,confirmacao-salvo,clique-submit,158.5
P02,criar-perfil,clique-submit,confirmacao-salvo,0.0
P02,criar-perfil,confirmacao-salvo,clique-submit,206.5
P02,criar-perfil,clique-submit,confirmacao-salvo,0.10000000149011612
P02,criar-perfil,confirmacao-salvo,clique-submit,164.79999999701977
P02,criar-perfil,clique-submit,confirmacao-salvo,0.0
P02,criar-perfil,confirmacao-salvo,clique-submit,220.90000000223517
P02,criar-perfil,clique-submit,confirmacao-salvo,0.09999999776482582
P02,criar-perfil,confirmacao-salvo,clique-submit,185.30000000074506
P02,criar-perfil,clique-submit,confirmacao-salvo,0.10000000149011612
P02,criar-perfil,confirmacao-salvo,clique-submit,3613.5
P02,criar-perfil,clique-submit,confirmacao-salvo,0.09999999776482582
P02,criar-perfil,confirmacao-salvo,clique-submit,4089.5
P02,criar-perfil,clique-submit,confirmacao-salvo,0.10000000149011612
P02,criar-perfil,confirmacao-salvo,clique-submit,674.1000000014901
P02,criar-perfil,clique-submit,confirmacao-salvo,0.09999999776482582
